Name,Slug,Collection ID,Locale ID,Item ID,Created On,Updated On,Published On,Meta title,Meta description,Is Core Service?,Icon,Sub-Services,Service Image,CTA Text,Headline,Intro Text,Card heading,Card description,Introduction Section,USP Heading,USP Section,USP Title 1,USP Content 1,USP Image 1,USP Title 2,USP Content 2,USP Image 2,USP Title 3,USP Content 3,USP Image 3,USP Title 4,USP Content 4,USP Image 4,USP Title 5,USP Content 5,USP Image 5,Service Expertise Heading,Service Expertise Section,Service Process/Strategy Heading,Service Process/Strategy Section,Comprehensive Service Heading,Comprehensive Service Section,Post Conclusion,Faqs Section Heading,Faqs,Conclusion CTA,Conclusion CTA Body,Conclusion,About the service
Email Marketing,email-marketing,672c814904fa88da4111f7de,672c7bda348210ae7a5c0d94,672c82a9d2516c7dc613473e,Thu Nov 07 2024 09:04:41 GMT+0000 (Coordinated Universal Time),Thu Jan 30 2025 09:25:14 GMT+0000 (Coordinated Universal Time),Thu Jan 30 2025 09:25:14 GMT+0000 (Coordinated Universal Time),Email Marketing Services Ontario | BrandBeat,"Connect, engage, and convert with expert email marketing services in Ontario. BrandBeat crafts campaigns that drive results. Contact us today!",true,"<div data-rt-embed-type='true'><svg width=""90"" height=""90"" viewBox=""0 0 90 90"" fill=""none"" xmlns=""http://www.w3.org/2000/svg"">
<circle cx=""90"" r=""90"" fill=""#86C1A1""></circle>
</svg></div>",,https://cdn.prod.website-files.com/672afc61621b8081a1b33352/673ab5a8d94ed0bf05fa7d59_photo-1588344331206-551a21888902.avif,Start Your Email Campaign,Email Marketing to Nurture and Convert Leads,Engage with your audience through personalized and targeted email campaigns.,IS YOUR EMAIL MARKETING ENGAGING OR JUST ADDING TO THE NOISE?,"At Brand Beat, we transform email from a mere communication tool to a powerful engagement channel. Our tailored email campaigns are meticulously designed to resonate with your audience, driving not just opens and clicks, but meaningful interactions and conversions.","<h1 id=""""><strong id="""">Email Marketing | Brand Beat</strong></h1><p id="""">‍</p><p id="""">Email marketing remains a cornerstone of digital marketing strategies, providing businesses with a cost-effective way to engage their audience and nurture customer relationships. By directly reaching customers' inboxes, your business can share personalized messages that resonate, convert, and drive growth. </p><p id="""">At <a href=""https://brandbeat.ca/"">Brand Beat,</a> we specialize in crafting tailored email marketing campaigns that deliver measurable results. Whether you're seeking increased engagement, higher conversions, or enhanced brand loyalty, our team will empower your business with a winning strategy.</p>",Why Brandbeat's Email Marketing?,"<p id="""">With so many email marketing services available, why should you choose Brandbeat?</p>",Personalized Campaigns,"We believe in the power of personalization. Every campaign is customized to your brand's unique voice, goals, and audience, ensuring that your messages connect on a personal level.",https://cdn.prod.website-files.com/672afc61621b8081a1b33352/6745c3d5c0860c1e686269cb_krzysztof-hepner-sWDaQGNiko8-unsplash.jpg,Experienced Team,Our team comprises seasoned email marketing professionals who stay ahead of trends and utilize the latest tools and strategies to ensure your campaigns are successful.,https://cdn.prod.website-files.com/672afc61621b8081a1b33352/6745c3df05748dfa3e5519a1_levi-stute-aYmKBuKz9Yk-unsplash.jpg,Advanced Analytics & Reporting,"We track every campaign with advanced analytics, providing you with detailed insights into open rates, click-through rates, conversions, and ROI.",https://cdn.prod.website-files.com/672afc61621b8081a1b33352/6745c3e884eddfbe53db40f3_josh-hild-_q_WnzIr0M0-unsplash.jpg,A/B Testing & Optimization,"Through rigorous A/B testing, we optimize subject lines, content, and CTAs to maximize engagement and results.",https://cdn.prod.website-files.com/672afc61621b8081a1b33352/6745c3fce9427d014a95e9a5_josh-hild-M5_Z9t_Jrl0-unsplash.jpg,Compliance Assurance,"We ensure all campaigns comply with GDPR, CAN-SPAM, and other regulations, keeping your business safe and reputable.",https://cdn.prod.website-files.com/672afc61621b8081a1b33352/6745c443b924d9309f579516_max-whitehead-bzHyyTltcrk-unsplash.jpg,,,Our Email Marketing Strategy,"<p id="""">Our strategy is built on research, creativity, and data. Here’s a glimpse into how we structure our winning campaigns:</p><h3 id="""">1. Audience Research &amp; Segmentation</h3><ul id=""""><li id="""">Identifying your audience's preferences and segmenting them based on demographics, behavior, and engagement levels.</li></ul><h3 id="""">2. Campaign Planning &amp; Goal Setting:</h3><ul id=""""><li id="""">Developing tailored email marketing plans with clear objectives to increase brand awareness, drive sales, or boost engagement.</li></ul><h3 id="""">3. Creative Content Creation:</h3><ul id=""""><li id="""">Crafting compelling email copy and engaging visuals that resonate with your audience.</li></ul><h3 id="""">4. Email Design &amp; Development:</h3><ul id=""""><li id="""">Building responsive, mobile-friendly emails that are visually appealing and on-brand.</li></ul><h3 id="""">5. Automation Setup &amp; Integration:</h3><ul id=""""><li id="""">Implementing automated email flows for lead nurturing, cart recovery, and more.</li></ul><h3 id="""">6. Deployment &amp; Monitoring:</h3><ul id=""""><li id="""">Launching campaigns with precision timing and monitoring performance in real-time.</li></ul><h3 id="""">7. Analysis &amp; Reporting:</h3><ul id=""""><li id="""">Providing comprehensive reports on campaign performance and actionable insights.</li></ul>",Comprehensive Email Campaign Services,"<p id="""">We offer a range of email marketing services tailored to your business needs:</p><ul id=""""><li id=""""><strong id="""">Email Campaign Management:</strong>&nbsp;Full-service management of email campaigns, from strategy to reporting.</li><li id=""""><strong id="""">Email List Building &amp; Management: </strong>Grow and manage a high-quality email list through best practices and compliance.<strong id="""">‍</strong></li><li id=""""><strong id="""">Email Content Creation: </strong>Professional email copywriting and design for newsletters, promotional emails, and more.<strong id="""">‍</strong></li><li id=""""><strong id="""">Automated Email Sequences:</strong> Set up automated email flows to nurture leads, recover abandoned carts, and retain customers.</li><li id=""""><strong id="""">Drip Campaigns:</strong> Build relationships and guide leads through the sales funnel with strategic drip campaigns.</li><li id=""""><strong id="""">Transactional Emails:</strong> Enhance the customer experience with personalized transactional emails</li><li id=""""><strong id="""">A/B Testing &amp; Optimization: </strong>Optimize subject lines, content, and CTAs through systematic A/B testing.</li><li id=""""><strong id="""">Email Analytics &amp; Reporting: </strong>Track and analyze campaign performance with detailed reports.</li><li id=""""><strong id="""">Compliance &amp; Deliverability: </strong>Ensure your emails are compliant and reach the inbox.</li></ul>","<h2 id="""">Integrating Email with Other Marketing Efforts</h2><p id="""">An effective marketing strategy seamlessly integrates email marketing with other channels:</p><ul id=""""><li id="""">Social Media: Amplify email campaigns by sharing newsletters and offers across your social platforms.</li><li id="""">Content Marketing: Leverage blog content in your emails to educate and engage subscribers.</li><li id="""">SEO &amp; Paid Advertising: Drive organic traffic and remarket to email subscribers through SEO and paid ads.</li><li id="""">CRM Integration: Utilize CRM data for better segmentation and personalization.</li></ul><p id="""">At Brandbeat, we ensure your email marketing complements and enhances other marketing efforts, resulting in a cohesive and powerful brand message.</p>",FAQs About Our Email Marketing Services,how-can-email-marketing-benefit-my-business; do-you-offer-email-automation-services; can-you-help-with-email-list-building-and-management; what-types-of-emails-can-you-create; will-my-emails-comply-with-gdpr-and-can-spam-regulations; how-do-you-measure-campaign-success,Start Your Email Marketing Journey with Brand Beat,"Are you ready to elevate your email marketing game? Let Brandbeat be your partner in creating impactful email campaigns that connect, convert, and grow your brand. Contact us today to start your journey toward email marketing success!","<h3 id="""">Start Your Email Marketing Journey with Brandbeat</h3><p id="""">Are you ready to elevate your email marketing game? Let Brandbeat be your partner in creating impactful email campaigns that connect, convert, and grow your brand. <a href=""https://www.brandbeat.ca/contact"">Contact us today </a>to start your journey toward email marketing success!</p>","<figure id="""" class=""w-richtext-figure-type-image w-richtext-align-fullwidth"" style=""max-width:5040px"" data-rt-type=""image"" data-rt-align=""fullwidth"" data-rt-max-width=""5040px""><div id=""""><img src=""https://cdn.prod.website-files.com/672afc61621b8081a1b33352/672c82a9d2516c7dc6134710_672b058aa154666d1499e9e8_671b2dfea6f59db22980e224_664c341534dd72b0cdd4b0a2_maxim-ilyahov-0aRycsfH57A-unsplash.jpeg"" alt=""__wf_reserved_inherit"" width=""auto"" height=""auto"" loading=""auto"" id=""""></div><figcaption id="""">Photo from <a href=""https://unsplash.com/@glvrdru"" id=""""><strong id="""">Maxim Ilyahov </strong></a>on <a href=""https://unsplash.com/photos/person-holding-black-iphone-4-0aRycsfH57A"" id=""""><strong id="""">Unsplash</strong></a>‍<br></figcaption></figure><h2 id="""">FAQs About Our Email Marketing Services</h2><h3 id="""">1. How can email marketing benefit my business?</h3><p id="""">Email marketing allows you to directly engage with your audience, share personalized messages, and nurture leads, ultimately driving more conversions and customer loyalty.</p><h3 id="""">2. Do you offer email automation services?</h3><p id="""">Absolutely! We specialize in setting up automated email sequences, including welcome series, lead nurturing, and cart abandonment flows.</p><h3 id="""">3. Can you help with email list building and management?</h3><p id="""">Yes, we offer comprehensive list-building and management services to help you grow a high-quality, engaged subscriber base.</p><h3 id="""">4. What types of emails can you create?</h3><p id="""">We create all types of emails, including newsletters, promotional emails, transactional emails, and automated sequences like drip campaigns.</p><h3 id="""">5. Will my emails comply with GDPR and CAN-SPAM regulations?</h3><p id="""">All our campaigns are fully compliant with GDPR, CAN-SPAM, and other email marketing regulations.</p><h3 id="""">6. How do you measure campaign success?</h3><p id="""">We provide detailed analytics on open rates, click-through rates, conversions, and ROI, giving you full visibility into campaign performance.</p>"
Paid Ad Campaigns,paid-ad-campaigns,672c814904fa88da4111f7de,672c7bda348210ae7a5c0d94,672c82eab6aa27a45ff056d2,Thu Nov 07 2024 09:05:46 GMT+0000 (Coordinated Universal Time),Thu Jan 30 2025 09:27:24 GMT+0000 (Coordinated Universal Time),Thu Jan 30 2025 09:27:24 GMT+0000 (Coordinated Universal Time),Paid Media Advertising Agency Ontario | BrandBeat,"Maximize your ROI with BrandBeat’s paid media advertising services in Ontario. Targeted campaigns that drive traffic, conversions, and growth. Get started today!",true,"<div data-rt-embed-type='true'><svg width=""90"" height=""90"" viewBox=""0 0 90 90"" fill=""none"" xmlns=""http://www.w3.org/2000/svg"">
<path d=""M90 -90C66.1305 -90 43.2387 -80.5179 26.3604 -63.6396C9.48212 -46.7613 2.08674e-06 -23.8695 0 -7.62939e-06C-2.08674e-06 23.8695 9.48211 46.7613 26.3604 63.6396C43.2387 80.5179 66.1305 90 90 90L90 28.8C82.3618 28.8 75.0364 25.7657 69.6353 20.3647C64.2343 14.9636 61.2 7.63823 61.2 0C61.2 -7.63824 64.2343 -14.9636 69.6353 -20.3647C75.0364 -25.7657 82.3618 -28.8 90 -28.8V-90Z"" fill=""#ED955A""></path>
</svg></div>",,https://cdn.prod.website-files.com/672afc61621b8081a1b33352/673bfbbb3477712e48030e14_clem-onojeghuo-CAfto9cq_BU-unsplash.jpg,Launch Your Ad Campaign,Targeted Paid Advertising for Maximum ROI,"From Google Ads to social media, we help you reach the right audience with targeted ad campaigns.",ARE YOUR AD CAMPAIGNS STRATEGICALLY DESIGNED TO MAXIMIZE YOUR REACH AND IMPACT?,"Brand Beat leverages data-driven insights to craft ad campaigns that don't just reach your audience but resonate with them. Our strategic approach ensures that every ad is a step towards not just visibility, but meaningful engagement and conversion.","<h1 id=""""><strong id="""">Paid Ads Campaign | Brand Beat</strong></h1><p id="""">‍</p><p id="""">Are you ready to see your business shine in the spotlight?&nbsp;</p><p id="""">Our Paid Ads Campaign Services are designed to do just that—put you front and center in your customers' viewfinders. Whether you're looking to boost your site traffic overnight or convert viewers into loyal customers, we're here to help you make that happen.</p>",Why Paid Ads are Crucial for Your Business,,Instant Boost,Why wait for traffic? Paid ads put you at the top of the search page immediately.,https://cdn.prod.website-files.com/672afc61621b8081a1b33352/6745c4881753edca3aac2a9e_jon-tyson-zoG585VYsV8-unsplash.jpg,"Right People, Right Time",Our ads are smart—they show up for people who are actually interested in what you offer.,https://cdn.prod.website-files.com/672afc61621b8081a1b33352/6745c493cf10e25fd97d499d_katsiaryna-endruszkiewicz-BteCp6aq4GI-unsplash.jpg,Easy Tracking,Want to see how your ads are doing? We provide clear numbers to show your success and how we can get even better.,https://cdn.prod.website-files.com/672afc61621b8081a1b33352/6745c4c529d58e08ce00bff8_josh-hild-Zt77M8OrsTg-unsplash.jpg,Stay Ahead,Stay one step ahead of the competition with ads that get seen first.,https://cdn.prod.website-files.com/672afc61621b8081a1b33352/6745c4db8cf4ebadc5219a47_max-whitehead-8W9odgLHbbY-unsplash%20(1).jpg,Test and Learn,"We try different ads to see what works best, making sure every penny of your budget is put to good use.",https://cdn.prod.website-files.com/672afc61621b8081a1b33352/6745c5038e9a842d79c57faa_Oops_.jpg,Brand Beat’s Expertise in Paid Ads,"<p id="""">Here at <a href=""https://brandbeat.ca/"">Brand Beat,</a> we’re not just about ads; we’re about creating standout strategies that make people click. Our team of experts crafts personalized ad campaigns that resonate with your audience and align perfectly with your marketing goals. We're good at this because:</p><ul id=""""><li id=""""><strong id="""">Custom Strategies: </strong>We tailor every campaign to meet the unique needs of your business.</li><li id=""""><strong id="""">All the Tools and Tricks:</strong> From Google to Facebook, we know how to leverage all platforms to benefit your brand.</li><li id=""""><strong id="""">Transparent Results: </strong>You'll see exactly how your ads are performing and where your money is going.</li><li id=""""><strong id="""">Creativity Meets Technology: </strong>We bring creativity to the table, backed by the latest tech to make your brand pop.</li></ul>",Our Paid Ads Campaign Process,"<h3 id="""">1. Getting to Know You:&nbsp;</h3><ul id=""""><li id="""">We start by understanding what you want to achieve.</li></ul><h3 id="""">2. Setting the Stage:&nbsp;</h3><ul id=""""><li id="""">We pick the best keywords and target the perfect audience for you.</li></ul><h3 id="""">3. Go Live:&nbsp;</h3><ul id=""""><li id="""">We launch your campaign with ads designed to attract and engage.</li></ul><h3 id="""">4. Watch and Adjust:&nbsp;</h3><ul id=""""><li id="""">We keep an eye on your ads and tweak them to keep the results coming.</li></ul><h3 id=""""><strong id="""">5. Report Back:&nbsp;</strong></h3><ul id=""""><li id="""">We show you detailed reports so you know just how well your ads are doing.</li></ul><h3 id="""">6. Refine and Repeat:</h3><ul id=""""><li id="""">We constantly refine our strategies to ensure your campaigns stay successful.</li></ul>",,,"<h3 id="""">Technologies and Tools We Use</h3><p id="""">We use a mix of top-notch tools to make sure your campaigns run smoothly and successfully:</p><ul id=""""><li id=""""><strong id="""">Google Ads and Analytics:</strong> Perfect for catching people as they search.</li><li id=""""><strong id="""">Social Media Savvy: </strong>We optimize ads for Facebook, Instagram, and LinkedIn.</li><li id=""""><strong id="""">Real-Time Adjustments: </strong>With tools like SEMrush and Ahrefs, we make quick decisions that keep your campaigns fresh and effective.</li></ul><h3 id="""">Building Successful Campaigns Across Industries</h3><p id=""""><strong id="""">No matter your industry, we’ve got you covered:</strong></p><ul id=""""><li id=""""><strong id="""">E-commerce:</strong> We turn clicks into carts and carts into sales.</li><li id=""""><strong id="""">Healthcare: </strong>We connect patients with top health services.</li><li id=""""><strong id="""">Education: </strong>We help schools and courses attract more learners.</li><li id=""""><strong id="""">Real Estate: </strong>We bring property seekers directly to your listings.</li></ul>",FAQs About Paid Ads Campaigns,what-platforms-are-best-for-my-business; how-much-does-it-cost-to-start; how-quickly-can-i-see-results; are-paid-ads-suitable-for-small-businesses; how-do-you-know-if-the-ads-are-working; how-do-we-keep-costs-down,Get Started with Your Paid Ads Campaign,"Ready to jumpstart your business growth? Let’s get your brand the attention it deserves! Contact us today, and let’s craft a campaign that puts you ahead of the curve.","<h3 id="""">Get Started with Your Paid Ads Campaign</h3><p id="""">Ready to jumpstart your business growth? Let’s get your brand the attention it deserves! <a href=""https://www.brandbeat.ca/contact"" id="""">Contact us today</a>, and let’s craft a campaign that puts you ahead of the curve.</p>","<p id="""">‍</p><figure id="""" class=""w-richtext-figure-type-image w-richtext-align-fullwidth"" style=""max-width:4000px"" data-rt-type=""image"" data-rt-align=""fullwidth"" data-rt-max-width=""4000px""><div id=""""><img src=""https://cdn.prod.website-files.com/672afc61621b8081a1b33352/672c82e9b6aa27a45ff056b1_672b09ffff65bb42ad3d7f20_671b317cb1a3de6dfc55ff5f_664c34dbf20d14f69f9a5e13_firmbee-com-eMemmpUojlw-unsplash.jpeg"" alt=""laptop and google"" width=""auto"" height=""auto"" loading=""auto"" id=""""></div><figcaption id="""">Photo from <a href=""https://unsplash.com/@firmbee"" id=""""><strong id="""">Firmbee.com </strong></a>on <a href=""https://unsplash.com/photos/person-using-black-laptop-computer-eMemmpUojlw"" id=""""><strong id="""">Unsplash</strong></a></figcaption></figure><h2 id="""">FAQs About Paid Ads Campaigns</h2><h3 id="""">1. What platforms are best for my business?</h3><p id="""">We choose the platforms where your customers spend the most time.</p><h3 id="""">2. How much does it cost to start?</h3><p id="""">We work with your budget to get the best return on your investment.</p><h3 id="""">3. How quickly can I see results?</h3><p id="""">You might see results as soon as your ads go live!</p><h3 id="""">4. Are paid ads suitable for small businesses?</h3><p id="""">Absolutely! We scale campaigns to match your needs and budget.</p><h3 id="""">5. How do you know if the ads are working?</h3><p id="""">We track everything from clicks to sales, showing you the exact value.</p><h3 id="""">6. How do we keep costs down?</h3><p id="""">We continuously optimize your campaigns to get more for your money.</p>"
Rebranding,rebranding,672c814904fa88da4111f7de,672c7bda348210ae7a5c0d94,672c821d0ba68769b2a676f3,Thu Nov 07 2024 09:02:21 GMT+0000 (Coordinated Universal Time),Thu Jan 30 2025 09:19:56 GMT+0000 (Coordinated Universal Time),Thu Jan 30 2025 09:19:56 GMT+0000 (Coordinated Universal Time),Business Rebranding Services Ontario | BrandBeat,Refresh and elevate your brand with BrandBeat’s business rebranding services in Ontario. Transform your identity and make a lasting impression. Let’s rebrand today!,true,"<div data-rt-embed-type='true'><svg width=""90"" height=""90"" viewBox=""0 0 90 90"" fill=""none"" xmlns=""http://www.w3.org/2000/svg"">
<path fill-rule=""evenodd"" clip-rule=""evenodd"" d=""M70 -70C70 -81.0457 78.9543 -90 90 -90C101.046 -90 110 -81.0457 110 -70V-48.7208L125.137 -63.8579C132.948 -71.6684 145.611 -71.6684 153.421 -63.8579C161.232 -56.0474 161.232 -43.3841 153.421 -35.5736L137.848 -20H160C171.046 -20 180 -11.0457 180 0C180 11.0457 171.046 20 160 20H138.284L153.421 35.1371C161.232 42.9476 161.232 55.6109 153.421 63.4214C145.611 71.2319 132.948 71.2319 125.137 63.4214L110 48.2843V70C110 81.0457 101.046 90 90 90C78.9543 90 70 81.0457 70 70V47.8477L54.4264 63.4213C46.6159 71.2318 33.9526 71.2318 26.1421 63.4213C18.3316 55.6108 18.3316 42.9475 26.1421 35.1371L41.2792 20H20C8.95431 20 0 11.0457 0 7.62939e-06C0 -11.0457 8.9543 -20 20 -20H41.7157L26.1421 -35.5736C18.3316 -43.384 18.3316 -56.0473 26.1421 -63.8578C33.9526 -71.6683 46.6159 -71.6683 54.4264 -63.8578L70 -48.2842V-70Z"" fill=""#B277CF""></path>
</svg></div>",,https://cdn.prod.website-files.com/672afc61621b8081a1b33352/673ab51bdc901ce56556db3c_673ab3d4e12074b407497072_aaron-lau-EOnlL3L3IgQ-unsplash.jpg,Get Started with Rebranding,Rebranding Services to Revitalize Your Identity,"We help you reinvent your brand’s image, messaging, and positioning to connect with your target audience and stand out in your industry.",IS YOUR BRAND'S VOICE CUTTING THROUGH THE NOISE AND REACHING YOUR TARGET AUDIENCE?,"In the crowded marketplace, Brand Beat elevates your brand's presence by honing in on the unique language and messaging that resonates deeply with your customers. We weave your brand's story through every touchpoint, ensuring it speaks directly to the hearts and minds of your audience, fostering lasting connections.","<h1 id=""""><strong id="""">Rebranding | Brand Beat</strong></h1><p id="""">‍</p><p id="""">Rebranding is a powerful strategy that involves changing the corporate image of an organization. It's a market-driven process that can help businesses evolve and stay relevant in a rapidly changing industry landscape. At <a href=""https://brandbeat.ca/"">Brand Beat,</a> we specialize in transforming your brand to reflect your current business dynamics, future ambitions, and the continuously shifting preferences of your target market. Our rebranding services are designed to infuse your business with new life, making your brand more relatable, reachable, and resonant with your intended audience.</p>",Why Choose Brand Beat for Rebranding?,"<p id="""">Choosing the right partner for rebranding is critical. Brandbeat stands apart due to our comprehensive, client-centric approach and deep industry knowledge. We are not just a service provider; we are your rebranding partner who:</p>",Understands Your Unique Brand Needs,"We take the time to understand your business’s heritage, mission, and the visions you aim to achieve.",https://cdn.prod.website-files.com/672afc61621b8081a1b33352/6745bb0e2e1c64e808811682_c636d5114014c09cd325bc0d853a8844.jpg,Proven Track Record,"With numerous successful rebranding projects under our belt, our portfolio speaks volumes of our expertise and success.",https://cdn.prod.website-files.com/672afc61621b8081a1b33352/6745bad9e0065479260ef3fe_david-fanatan-Qi7BRZ5XFEE-unsplash.jpg,Customized Strategies,Our strategies are tailored to meet the specific challenges and opportunities of your industry.,https://cdn.prod.website-files.com/672afc61621b8081a1b33352/6745b220de0a48d6d34a74ef_matus-gocman-738bgHCpLAw-unsplash.jpg,End-to-End Solutions,"From initial concept to final rollout, we handle every aspect of your rebranding journey.",https://cdn.prod.website-files.com/672afc61621b8081a1b33352/673da32db8a8d95a0a9ec211_ayrus-hill-2fsDwu5Zza4-unsplash.jpg,,,,,,Our Rebranding Process,"<p id="""">Our rebranding process is thorough and structured, ensuring no detail is overlooked. Here’s how we approach the transformation of your brand:</p><h3 id=""""><strong id="""">1. Discovery and Research</strong></h3><p id=""""><strong id="""">‍</strong>We start by understanding your brand’s current position and aspirations. This involves extensive research including stakeholder interviews, market trends analysis, and competitive landscape.</p><h3 id=""""><strong id="""">2. Strategy Development</strong></h3><p id=""""><strong id="""">‍</strong>Based on our research, we develop a rebranding strategy that aligns with your business goals and market needs. This strategy encompasses brand messaging, visual identity, and market positioning.</p><h3 id=""""><strong id="""">3. Design and Development</strong></h3><p id=""""><strong id="""">‍</strong>Our creative team then brings the strategy to life with a new design palette, logo, and brand visuals that resonate with your audience.</p><h3 id=""""><strong id="""">4. Implementation</strong></h3><p id=""""><strong id="""">‍</strong>We assist in the seamless implementation of your new brand across all channels, ensuring consistency and impact.</p><h3 id="""">5. <strong id="""">Launch and Evaluation</strong></h3><p id=""""><strong id="""">‍</strong>After the launch, we monitor the brand’s performance against predefined metrics and make adjustments as necessary to ensure the rebranding is successful.</p>",,,"<h2 id="""">Industry-Specific Rebranding</h2><p>‍</p><p id="""">Each industry has its unique challenges and opportunities, which is why generic rebranding solutions do not yield the best results. At Brandbeat, we specialize in industry-specific rebranding strategies that address the nuances of your specific market. Whether you are in technology, healthcare, retail, or any other sector, we have the expertise to tailor a rebranding strategy that fits your industry’s characteristics and your business’s specific needs.</p>",FAQs on Rebranding,what-is-the-typical-timeline-for-a-rebranding-project; how-much-does-rebranding-cost; how-do-you-measure-the-success-of-a-rebranding-project; can-rebranding-help-reach-a-new-audience,Getting Started with Your Rebranding Project,"Embarking on a rebranding project with Brandbeat is straightforward. Contact us today to schedule a consultation. During this initial meeting, we will discuss your vision, challenges, and set the groundwork for a successful rebranding journey that truly transforms your brand.","<h3 id="""">Getting Started with Your Rebranding Project</h3><p id="""">Embarking on a rebranding project with Brandbeat is straightforward. Contact us today to schedule a consultation. During this initial meeting, we will discuss your vision, challenges, and set the groundwork for a successful rebranding journey that truly transforms your brand.</p>","<h2 id="""">‍</h2><figure id="""" class=""w-richtext-figure-type-image w-richtext-align-fullwidth"" style=""max-width:1470px"" data-rt-type=""image"" data-rt-align=""fullwidth"" data-rt-max-width=""1470px""><div id=""""><img src=""https://cdn.prod.website-files.com/672afc61621b8081a1b33352/672c821d0ba68769b2a67670_672b00f4cb1c90f1608e0d13_671b27e0a4b2802aedacadf5_664c241717c251f113fa12f0_corinne%25252520kutz.png"" alt=""laptop and table"" width=""auto"" height=""auto"" loading=""auto"" id=""""></div><figcaption id="""">Photo from <a href=""https://unsplash.com/@corinnekutz"" id=""""><strong id="""">Corinne Kutz</strong></a><strong id=""""> </strong>on <a href=""https://unsplash.com/photos/person-using-laptop-computer-beside-aloe-vera-tMI2_-r5Nfo"" id=""""><strong id="""">Unsplash</strong></a></figcaption></figure><h2 id="""">FAQs on Rebranding</h2><h3 id="""">1. What is the typical timeline for a rebranding project?</h3><p id="""">The timeline varies based on the scope but generally ranges from three to six months.</p><h3 id="""">2. How much does rebranding cost?</h3><p id="""">Costs can vary widely depending on the project’s complexity and your specific requirements. Contact us for a detailed quote.</p><h3 id="""">3. How do you measure the success of a rebranding project?</h3><p id="""">Success is measured through various metrics such as brand recognition, customer engagement, and ultimately, sales performance.</p><h3 id="""">4. Can rebranding help reach a new audience?</h3><p id="""">Absolutely. Rebranding can help you adjust your message and brand image to appeal to new demographics.</p>"
SEO Services,seo-services,672c814904fa88da4111f7de,672c7bda348210ae7a5c0d94,672c8284b245d962f94e8980,Thu Nov 07 2024 09:04:04 GMT+0000 (Coordinated Universal Time),Thu Jan 30 2025 09:24:42 GMT+0000 (Coordinated Universal Time),Thu Jan 30 2025 09:24:42 GMT+0000 (Coordinated Universal Time),Comprehensive SEO Services in Ontario | BrandBeat,"Boost your rankings with expert SEO services in Ontario! Drive traffic, increase visibility, and grow your business with BrandBeat. Let’s optimize your success!",true,"<div data-rt-embed-type='true'><svg width=""222"" height=""90"" viewBox=""0 0 222 90"" fill=""none"" xmlns=""http://www.w3.org/2000/svg"">
<path d=""M180 -90C203.869 -90 226.761 -80.5179 243.64 -63.6396C260.518 -46.7613 270 -23.8695 270 -5.72157e-06C270 23.8695 260.518 46.7613 243.64 63.6396C226.761 80.5179 203.869 90 180 90L180 0L180 -90Z"" fill=""#5A6DED""></path>
<path d=""M90 -90C113.869 -90 136.761 -80.5179 153.64 -63.6396C170.518 -46.7613 180 -23.8695 180 -7.62939e-06C180 23.8695 170.518 46.7613 153.64 63.6396C136.761 80.5179 113.869 90 90 90L90 0V-90Z"" fill=""#5A6DED""></path>
</svg></div>",,https://cdn.prod.website-files.com/672afc61621b8081a1b33352/673bfbe9da9d6db8c1bbb748_marian-mirea-zzajOkBbNuo-unsplash.jpg,Optimize Your SEO,SEO Services to Boost Your Search Rankings,Achieve greater visibility in search results and drive organic traffic with our SEO expertise.,IS YOUR WEBSITE LOST IN THE SEARCH ENGINES?,"At Brand Beat, we employ proven SEO strategies to help your business shine online. Our approach combines keyword research, on-page optimization, and content marketing to drive organic growth and increase visibility.","<h1 id=""""><strong id="""">SEO Services | Brand Beat</strong></h1><p id="""">‍</p><p id=""""><strong id="""">‍</strong>In a competitive digital landscape, effective SEO is crucial for driving traffic and increasing visibility. At Brand Beat, we provide comprehensive SEO services tailored to your business needs, ensuring your brand stands out.</p>",Why Choose Brand Beat for SEO?,,Data-Driven Strategies,We utilize analytics and insights to inform our SEO tactics.,https://cdn.prod.website-files.com/672afc61621b8081a1b33352/6745c2aa56103ef341488009_Fire-Flare.jpg,Tailored Solutions,Our strategies are customized to align with your business goals and target audience.,https://cdn.prod.website-files.com/672afc61621b8081a1b33352/6745c22705748dfa3e53250e_data-lore-MKm4ZfLnzw8-unsplash.jpg,Ongoing Optimization,"SEO is an ongoing process, and we continually optimize to stay ahead of the curve.",https://cdn.prod.website-files.com/672afc61621b8081a1b33352/6745c1e2eb6da83d446ee489_shubham-dhage-ucv8CgjVV0Y-unsplash.jpg,Transparent Reporting,We provide regular updates and reports on performance and progress.,https://cdn.prod.website-files.com/672afc61621b8081a1b33352/6745c1f366e6d7256b84813e_josh-hild-uVsyUfxFo7g-unsplash.jpg,,,,,,Our SEO Process,"<h3 id="""">1. SEO Audit</h3><p id="""">Comprehensive analysis of your current website and SEO performance.</p><h3 id="""">2. Keyword Research</h3><p id=""""><strong id="""">‍</strong>Identifying the best keywords to target for your audience.</p><h3 id="""">3. On-Page Optimization</h3><p id=""""><strong id="""">‍</strong>Optimizing website elements like meta tags, content, and images.</p><h3 id="""">4. Content Strategy</h3><p id=""""><strong id="""">‍</strong>Developing high-quality, relevant content to engage users and improve rankings.</p><h3 id="""">5. Link Building</h3><p id=""""><strong id="""">‍</strong>Establishing authority through strategic backlinks from reputable sites.</p><h3 id="""">6. Performance Tracking</h3><p id=""""><strong id="""">‍</strong>Monitoring and analyzing results to refine strategies.</p>",Comprehensive SEO Services Include,"<ul id=""""><li id="""">Keyword Research &amp; Analysis</li><li id="""">On-Page &amp; Off-Page SEO</li><li id="""">Technical SEO</li><li id="""">Local SEO</li><li id="""">Content Creation &amp; Marketing</li><li id="""">SEO Audits &amp; Reporting</li></ul>",,FAQs About Our SEO Services,how-long-does-it-take-to-see-results-from-seo; do-you-guarantee-first-page-rankings; how-often-do-you-provide-reports,Start Your SEO Journey with Brand Beat,‍Ready to boost your online visibility? Partner with Brand Beat for expert SEO services that drive results. Contact us today!,"<h3 id="""">Start Your SEO Journey with Brandbeat</h3><p id=""""><strong id="""">‍</strong>Ready to boost your online visibility? Partner with Brandbeat for expert SEO services that drive results. Contact us today!</p>","<h2 id="""">FAQs About Our SEO Services</h2><h3 id="""">1. How long does it take to see results from SEO?</h3><p id="""">SEO is a long-term strategy; you can expect to see initial results within 3-6 months.</p><h3 id="""">2. Do you guarantee first-page rankings?</h3><p id="""">While we can’t guarantee specific rankings, we employ best practices to improve your visibility.</p><h3 id="""">3. How often do you provide reports?</h3><p id="""">We provide regular reports, typically monthly, detailing progress and performance.</p>"
Social Media Content Creation & Management,social-media-content-creation-management,672c814904fa88da4111f7de,672c7bda348210ae7a5c0d94,672c83085134495c0b4a3e3b,Thu Nov 07 2024 09:06:16 GMT+0000 (Coordinated Universal Time),Thu Jan 30 2025 09:27:54 GMT+0000 (Coordinated Universal Time),Thu Jan 30 2025 09:27:54 GMT+0000 (Coordinated Universal Time),Social Media Management Agency Ontario | BrandBeat,"Elevate your brand with expert social media management in Ontario. From content creation to strategy, BrandBeat helps you engage, grow, and succeed online!",true,"<div data-rt-embed-type='true'><svg width=""90"" height=""90"" viewBox=""0 0 90 90"" fill=""none"" xmlns=""http://www.w3.org/2000/svg"">
<rect y=""-90"" width=""180"" height=""180"" rx=""90"" fill=""#F4D452""></rect>
<path d=""M88.7468 66.96C96.3701 66.96 100.875 61.4067 100.875 53.0769C100.875 38.8467 92.2119 31.211 91.1724 3.09782C115.082 18.0221 117.161 29.1286 129.289 36.4172C132.407 38.1526 134.833 38.8467 137.605 38.8467C141.763 38.8467 145.228 36.7643 147.654 32.9464C148.694 31.211 149.04 29.1286 149.04 27.0461C149.04 22.8812 146.268 18.7163 141.417 15.9397C128.942 8.99812 117.507 12.4689 92.9049 -0.37294C117.507 -13.909 128.942 -10.4382 141.417 -17.3797C146.268 -20.5034 149.04 -24.3212 149.04 -28.8333C149.04 -30.5686 148.694 -32.6511 147.654 -34.7336C145.228 -38.5514 141.763 -40.6339 137.605 -40.6339C134.833 -40.6339 132.407 -39.9397 129.289 -38.2043C117.161 -30.9157 115.082 -18.768 91.1724 -4.1908C91.8654 -32.304 100.875 -40.2868 100.875 -54.864C100.875 -63.1939 96.3701 -68.4 88.7468 -68.4C81.47 -68.4 76.9653 -63.1939 76.9653 -54.864C76.9653 -40.2868 86.6677 -32.6511 87.3607 -4.1908C62.7583 -19.1151 60.6792 -30.9157 48.2048 -38.2043C45.4327 -39.9397 43.0071 -40.6339 40.235 -40.6339C36.0768 -40.6339 32.6117 -38.5514 30.1861 -34.7336C29.1466 -32.6511 28.8 -30.5686 28.8 -28.8333C28.8 -24.3212 31.5722 -20.5034 36.4233 -17.3797C48.8978 -10.4382 59.6397 -13.909 84.9351 -0.37294C60.3327 12.816 48.5513 8.99812 36.4233 15.9397C31.5722 18.7163 28.8 22.8812 28.8 27.0461C28.8 29.1286 29.1466 31.211 30.1861 32.9464C32.6117 36.7643 36.0768 38.8467 40.235 38.8467C43.0071 38.8467 45.4327 38.1526 48.2048 36.4172C60.6792 29.1286 62.7583 18.3692 87.0142 3.09782C85.9747 31.5581 76.9653 38.4997 76.9653 53.0769C76.9653 61.4067 81.47 66.96 88.7468 66.96Z"" fill=""black""></path>
</svg></div>",,https://cdn.prod.website-files.com/672afc61621b8081a1b33352/673ab4fe342deb5c46ef634b_673ab3d4e12074b407497075_zane-lee-9hrhtTlv2og-unsplash.jpg,Elevate Your Social Presence,Social Media Management to Grow Your Brand,"Build and engage your audience with consistent, brand-aligned social content.",IS YOUR SOCIAL MEDIA JUST A CHECKBOX?,"At Brandbeat, we create and manage compelling social media content that engages your audience and builds your brand’s community. Let us transform your social channels into vibrant, interactive spaces.","<h1 id=""""><strong id="""">Social Media Content Creation &amp; Management | Brand Beat</strong></h1><p id="""">‍</p><p id="""">In today’s digital age, a strong social media presence is vital for connecting with your audience. At Brand Beat, we specialize in creating and managing impactful social media strategies that resonate with your followers.</p>",Why Choose Brand Beat for Social Media?,,Tailored Content,We create custom content that reflects your brand’s voice and engages your audience.,https://cdn.prod.website-files.com/672afc61621b8081a1b33352/6745c2fa58afc098070ba753_josh-hild-LF27imkD2Ik-unsplash.jpg,Strategic Planning,Our strategies are designed to align with your business objectives and target audience.,https://cdn.prod.website-files.com/672afc61621b8081a1b33352/6745c30dc7ed73a6b4c7cc80_josh-hild-nJXCc1naUNM-unsplash.jpg,Community Engagement,"We actively manage your accounts, fostering engagement and building a loyal community.",https://cdn.prod.website-files.com/672afc61621b8081a1b33352/6745c31b739c7ed72536fb2e_max-whitehead-4OkcZ_C1jNA-unsplash.jpg,Analytics & Insights,We track performance to refine strategies and enhance engagement.,https://cdn.prod.website-files.com/672afc61621b8081a1b33352/6745c329f0e1285e73ba35c2_charlie-jones-5EAtFULEnXI-unsplash.jpg,,,,,,Our Social Media Process,"<h3 id="""">1. Strategy Development </h3><p id="""">Identifying your goals and target audience to create a tailored plan.</p><h3 id="""">2. Content Creation</h3><p id=""""><strong id="""">‍</strong>Developing high-quality, engaging posts, images, and videos.</p><h3 id="""">3. Posting Schedule</h3><p id=""""><strong id="""">‍</strong>Implementing a consistent posting schedule to maintain engagement.</p><h3 id="""">4. Community Management</h3><p id=""""><strong id="""">‍</strong>Interacting with followers, responding to comments, and fostering community.</p><h3 id="""">5. Analytics &amp; Reporting</h3><p id=""""><strong id="""">‍</strong>Regularly analyzing performance and adjusting strategies accordingly.</p>",Comprehensive Social Media Services Include,"<ul id=""""><li id="""">Content Creation &amp; Curation</li><li id="""">Account Management</li><li id="""">Community Engagement</li><li id="""">Paid Advertising Management</li><li id="""">Performance Analytics &amp; Reporting</li></ul>",,FAQs About Our Social Media Services,how-often-should-i-post-on-social-media; can-you-help-with-paid-social-media-advertising; will-you-provide-performance-reports,Start Your Social Media Journey with Brand Beat,‍Are you ready to elevate your social media presence? Let Brand Beat create engaging content and manage your accounts to drive community and growth. Contact us today!,"<h3 id="""">Start Your Social Media Journey with Brandbeat</h3><p id=""""><strong id="""">‍</strong>Are you ready to elevate your social media presence? Let Brandbeat create engaging content and manage your accounts to drive community and growth. Contact us today!</p>","<h2 id="""">FAQs About Our Social Media Services</h2><h3 id="""">1. How often should I post on social media?</h3><p id="""">Posting frequency varies by platform and audience, but we typically recommend 3-5 times a week.</p><h3 id="""">2. Can you help with paid social media advertising?</h3><p id="""">Yes, we offer comprehensive management of paid advertising campaigns across various platforms.</p><h3 id="""">3. Will you provide performance reports?</h3><p id="""">Absolutely! We provide regular reports detailing engagement, reach, and growth.</p>"
Web Design & Development,web-design-development,672c814904fa88da4111f7de,672c7bda348210ae7a5c0d94,672c826a7bb594490ba3d4c9,Thu Nov 07 2024 09:03:38 GMT+0000 (Coordinated Universal Time),Thu Jan 30 2025 09:24:00 GMT+0000 (Coordinated Universal Time),Thu Jan 30 2025 09:24:00 GMT+0000 (Coordinated Universal Time),Web Design and Development Services Ontario | BrandBeat,"Craft a stunning online presence with BrandBeat’s web design and development services in Ontario. Custom websites that engage, impress, and drive results!",true,"<div data-rt-embed-type='true'><svg width=""120"" height=""90"" viewBox=""0 0 120 90"" fill=""none"" xmlns=""http://www.w3.org/2000/svg"">
<path d=""M35.6 63C55.2613 63 71.2 46.8822 71.2 27C71.2 7.11774 55.2613 -9 35.6 -9C15.9387 -9 0 7.11774 0 27C0 46.8822 15.9387 63 35.6 63Z"" fill=""#ED5959""></path>
<path d=""M120.15 90C132.438 90 142.4 79.9264 142.4 67.5C142.4 55.0736 132.438 45 120.15 45C107.862 45 97.9 55.0736 97.9 67.5C97.9 79.9264 107.862 90 120.15 90Z"" fill=""#ED5959""></path>
<path d=""M124.6 18C154.092 18 178 -6.17662 178 -36C178 -65.8234 154.092 -90 124.6 -90C95.108 -90 71.2 -65.8234 71.2 -36C71.2 -6.17662 95.108 18 124.6 18Z"" fill=""#ED5959""></path>
</svg></div>",,https://cdn.prod.website-files.com/672afc61621b8081a1b33352/673ab5259a97cb3ec907b45e_673ab3d4e12074b407497073_jc-gellidon-Khqmo4T-rs0-unsplash.jpg,Start Building Your Website,Website Development for Conversion-Driven Designs,Our team designs websites that are not only visually appealing but also optimized for performance and user experience.,IS YOUR WEBSITE WORKING FOR YOU OR AGAINST YOU?,"At Brand Beat, we create stunning, functional websites that not only look great but drive results. Our tailored web solutions are designed to engage your audience and enhance your brand’s online presence.","<h1 id=""""><strong id="""">Web Design &amp; Development | Brand Beat</strong></h1><p id="""">‍<strong id="""">‍</strong></p><p id=""""><strong id="""">‍</strong>In today’s digital landscape, a powerful website is essential for any business. It’s your online storefront and the first impression many customers will have. At Brand Beat, we specialize in creating custom websites that reflect your brand and meet your business goals.</p>",Why Does Brand Beat’s Web Design & Development Standout?,"<p id="""">With numerous web design agencies out there, here’s why we stand out:</p>",Tailored Solutions,Every website is uniquely crafted to match your brand’s identity and objectives.,https://cdn.prod.website-files.com/672afc61621b8081a1b33352/6745b854f756f3381542b850_pascal-frei-7hwvUgl3iSw-unsplash.jpg,User-Centric Design,"We prioritize user experience, ensuring your site is intuitive and engaging.",https://cdn.prod.website-files.com/672afc61621b8081a1b33352/6745b86fbd9e1020ae0daf22_dynamic-wang-k98RB1I7LTQ-unsplash.jpg,Responsive Development,"Our websites are mobile-friendly, ensuring optimal performance on all devices.",https://cdn.prod.website-files.com/672afc61621b8081a1b33352/6745b8769f1a61d812aedab4_matus-gocman-rsh6ztJWwks-unsplash.jpg,SEO-Optimized,We integrate SEO best practices from the start to help your site rank higher in search results.,https://cdn.prod.website-files.com/672afc61621b8081a1b33352/6745b8a3711db09281a07e8c_thomas-charters-qmHMSN7sDeI-unsplash.jpg,Ongoing Support,Our relationship doesn’t end at launch; we provide ongoing support and maintenance.,https://cdn.prod.website-files.com/672afc61621b8081a1b33352/6745b8add2c4c7c764a4423a_matus-gocman-yzdMl_rdzCA-unsplash.jpg,,,Our Web Development Process,"<h3 id="""">1. Discovery &amp; Research</h3><p id="""">Understanding your goals, audience, and market.</p><h3 id="""">2. Wireframing &amp; Prototyping</h3><p id="""">Creating blueprints for your website layout and functionality.</p><h3 id="""">3. Design &amp; Branding</h3><p id="""">Developing a visually appealing design that aligns with your brand.</p><h3 id="""">4. Development</h3><p id="""">Building the site with the latest technologies for performance and security.</p><h3 id="""">5. Testing &amp; Launch</h3><p id="""">Rigorous testing to ensure everything works seamlessly before going live.</p><h3 id="""">6. Post-Launch Support</h3><p id="""">Continuous monitoring and updates to keep your site performing at its best.</p>",Comprehensive Web Services,"<ul id=""""><li id="""">Custom Website Design</li><li id="""">E-commerce Development</li><li id="""">Content Management Systems (CMS)</li><li id="""">Responsive Design</li><li id="""">Website Maintenance &amp; Support</li><li id="""">SEO Integration</li></ul>",,FAQs About Our Web Design & Development Services,how-long-does-it-take-to-build-a-website; will-my-website-be-mobile-friendly; can-you-help-with-website-seo; do-you-provide-ongoing-support-after-launch,Start Your Web Design Journey with Brand Beat,‍Ready to transform your online presence? Let Brand Beat create a website that not only looks fantastic but also drives results. Contact us today to get started!,"<h3 id="""">Start Your Web Design Journey with Brandbeat</h3><p id=""""><strong id="""">‍</strong>Ready to transform your online presence? Let Brandbeat create a website that not only looks fantastic but also drives results. Contact us today to get started!</p>","<h2 id="""">FAQs About Our Web Design &amp; Development Services</h2><h3 id="""">1. How long does it take to build a website?</h3><p id="""">Timelines vary, but we typically complete projects within 6-12 weeks, depending on complexity.</p><h3 id="""">2. Will my website be mobile-friendly?</h3><p id="""">Absolutely! All our websites are designed to be responsive and look great on any device.</p><h3 id="""">3. Can you help with website SEO?</h3><p id="""">Yes, we implement SEO best practices during the development process to help improve your site’s visibility.</p><h3 id="""">4. Do you provide ongoing support after launch?</h3><p id="""">Yes, we offer ongoing maintenance and support to ensure your website remains up-to-date.</p><p id="""">‍</p>"
