Name,Slug,Collection ID,Locale ID,Item ID,Created On,Updated On,Published On,Meta Title,Meta Description,Pre-Header,Hero Title,Hero Paragraph,Hero CTA Button Text,Service Header: Hook,Service Header: Hook - Blue Text,Service Header: Paragraph,Service Description: Rebranding,Service Description: Web & Development,Service Description: SEO,Service Description: Email Marketing,Service Description: Paid Ads,Service Description: Social Media Management,Our Success Stories: Header,Our Success Stories: Header - Blue Text,Our Success Stories: Paragraph,Testimonials: Header,Testimonial: Header - Blue Text,Testimonials: Paragraph,FAQs: Q1,FAQs: A1,FAQs: Q2,FAQs: A2,FAQs: Q3,FAQs: A3,FAQs: Q4,FAQs: A4,FAQs: Q5,FAQs: A5,FAQs: Q6,FAQs: A6,FAQs: Q7,FAQs: A7,FAQs: Q8,FAQs: A8,FAQs: Q9,FAQs: A9,FAQs: Q10,FAQs: A10,CTA 1: Header,CTA 1: Paragraph,CTA 1: Button Text,CTA 2: Header,CTA 2: Paragraph,CTA 2: Button
Kitchener,kitchener,679b6759394169a82d1fa65f,672c7bda348210ae7a5c0d94,679ce3bd8d43791b9c5a7cf0,Fri Jan 31 2025 14:52:45 GMT+0000 (Coordinated Universal Time),Fri Jan 31 2025 15:11:05 GMT+0000 (Coordinated Universal Time),Fri Jan 31 2025 15:19:26 GMT+0000 (Coordinated Universal Time),Trusted Digital Marketing Agency Kitchener - Brand Beat,"Boost your brand with Brand Beat, a trusted digital marketing agency kitchener. Book your free consultation!",Transform your digital presence today!,Unleash Your Business’s Full Potential with Trusted Digital Marketing Agency Kitchener – Brand Beat,"<p>Are you ready to take your business to the next level? Brand Beat is your one-stop solution for all your digital marketing needs. From business rebranding and SEO to web design, email marketing, and paid advertising, we deliver tailored strategies to help you thrive in a competitive marketplace.</p>",Get Your Free Strategy Session Now,Struggling to Make an Impact Online in Kitchener?,Let’s Fix That!,Discover our comprehensive digital marketing services crafted to boost your brand and expand your online reach.,"In today’s competitive landscape, your business needs more than just a basic marketing plan. You need a brand identity that resonates. Brand Beat’s rebranding services redefine your business image, helping you connect deeply with your audience and outshine competitors.","Your website is your digital storefront, and first impressions matter. At Brand Beat, we specialize in creating high-performing websites that are visually stunning and designed to convert. Say goodbye to missed opportunities and hello to more customers!","If your customers can’t find you, your competitors win. With Brand Beat’s proven SEO strategies, we’ll help you climb search engine rankings, attract more organic traffic, and ensure your brand stands out in a crowded marketplace. ","We craft highly personalized, data-driven email campaigns that engage, inform, and convert","Not seeing the returns you expected from your advertising campaigns? Our team crafts data-driven, precision-targeted paid ads that maximize every dollar spent. Get ready to see real results that boost your bottom line.","Social media management can be overwhelming, but you don’t have to do it alone. Let us handle content creation, posting schedules, and audience engagement so you can focus on what you do best—running your business.",Let Our Results,Speak for Themselves,"Explore our portfolio of transformative rebrands and innovative websites designed to drive growth, enhance engagement, and create lasting impressions.",Trusted by,Kitchener’s Most Ambitious Brands,"At Brand Beat, we partner with Kitchener’s most innovative and driven businesses to craft impactful, data-driven marketing strategies. But don’t just take our word for it—here’s what our clients have to say:",What industries does Brand Beat specialize in?,"Brand Beat proudly serves a diverse range of industries in Kitchener, including e-commerce, healthcare, professional services, startups, and more. We tailor our strategies to meet the specific needs of businesses across various niches, ensuring results that resonate with your goals.",How do you measure the success of your digital marketing campaigns?,"We measure success using key performance indicators (KPIs) like website traffic, lead generation, conversion rates, ROI, and improvements in online visibility. Based in Kitchener, our team provides detailed reports so you can clearly see how our strategies are driving growth.",How long does it take to see results?,"The timeline depends on the service. For example, paid advertising campaigns can produce immediate results, while SEO efforts may take 3–6 months to show significant progress. We set realistic timelines during your initial consultation to keep your expectations clear.",Do you work with small businesses and startups?,"Absolutely! Supporting small businesses and startups in Kitchener is one of our passions. We focus on crafting cost-effective, high-impact strategies to help you grow and thrive from the ground up.",What makes Brand Beat different from other digital marketing agencies?,"Brand Beat stands out in Kitchener for our personalized approach. We take the time to understand your unique business objectives, develop customized strategies, and leverage the latest tools and data-driven insights to deliver measurable results. Our team values communication and collaboration every step of the way.",What is included in your free strategy session,"<p id="""">Our free strategy session includes:</p><ul id=""""><li>A consultation to understand your business goals</li><li>An in-depth audit of your current digital presence</li><li>Tailored recommendations to help you achieve your objectives</li></ul>",How do I get started with Brand Beat?,"<p>Getting started is simple! Click the <a href=""https://calendly.com/brandbeat/marketingaudit?background_color=fcfaf7&primary_color=ed4b00""><strong id="""">Book Your Free Strategy Call</strong></a> button, complete the form, and our team will reach out to schedule your consultation in no time.</p>",What is your pricing structure?,Our pricing is flexible and depends on the services you need and the scale of your campaign. We offer customizable packages to fit your budget. Contact us today for a personalized quote.,Can you help us with a website redesign?,"Yes! Whether you’re refreshing your existing website or building a new one from scratch, our web design and development experts in Kitchener can create a modern, user-friendly site that represents your brand and turns visitors into loyal customers.",Do you offer ongoing support after the campaign is live?,"Yes, we provide ongoing support to keep your campaigns performing at their best. From monitoring your website to optimizing ads and creating fresh content, we’re here to ensure your long-term success.",Losing Revenue to Outdated Marketing Strategies?,"Outdated strategies and poor design could be driving potential customers away, keeping your Kitchener business stuck in the past.
Meanwhile, your competitors are leveraging modern tools and innovative approaches to outperform you. Every missed lead is revenue slipping through your fingers.
At Brand Beat, we combine advanced strategies with a data-driven approach to ensure your business stays ahead of the curve and thrives in today’s competitive market.",Claim Your Free Consultation Now,Ready to Transform Your Brand?,"Partner with Kitchener’s Trusted Digital Marketing Agency – Brand Beat
The success you deserve is just a step away. Don’t wait any longer to elevate your brand and achieve your business goals.",Get Your Free Quote Today
Mississauga,mississauga,679b6759394169a82d1fa65f,672c7bda348210ae7a5c0d94,679b6bf0af7fc7b13e4db812,Thu Jan 30 2025 12:09:20 GMT+0000 (Coordinated Universal Time),Fri Jan 31 2025 15:11:16 GMT+0000 (Coordinated Universal Time),Fri Jan 31 2025 15:19:26 GMT+0000 (Coordinated Universal Time),,,Unleash Your Business’s Full Potential with,Trusted Digital Marketing Agency in Mississauga – Brand Beat,"<p>Ready to elevate your business? Brand Beat is Mississauga’s leading digital marketing agency, offering personalized solutions tailored to help you thrive. From rebranding and SEO to web design, email marketing, and paid ads, we’re here to supercharge your growth in a competitive digital space.</p>",Book Your Free Strategy Session,Struggling to Make an Impact Online in Kitchener?,Let's Fix That!,"Let’s take your business to the next level with digital marketing strategies tailored just for you. From expanding your reach to driving real results, our services are designed to help your business thrive.","In Mississauga’s competitive market, a standout brand identity is essential. Let Brand Beat redefine your business image, ensuring you connect with your audience and outshine competitors.","Your website is your first impression. At Brand Beat, we craft visually appealing, high-performing websites designed to convert visitors into loyal customers.","Make sure your business is the first thing customers see when searching online. With our proven SEO strategies, we’ll help you climb search rankings, drive organic traffic, and dominate the competition.","We create personalized, data-driven campaigns to keep your audience engaged, informed, and ready to convert.",Maximize your ROI with precision-targeted paid advertising campaigns. Our experts deliver results that make every marketing dollar count.,"From content creation to engagement, we’ll handle your social platforms so you can focus on growing your business.",Let Our Results,Speak for Themselves,"Check out our portfolio showcasing stunning rebrands, innovative websites, and data-driven campaigns that drive real results.",Trusted by ,Mississauga’s Top Brands,We’re proud to partner with some of the most ambitious businesses in Mississauga. Don’t just take our word for it—hear it from our clients:,What industries do you specialize in?,"We serve diverse industries in Mississauga, including retail, healthcare, e-commerce, and startups. Our strategies are customized to your business’s unique needs.",How do you measure campaign success?,"We track key metrics like website traffic, leads, conversions, and ROI. Detailed reports keep you updated on your campaign’s performance.",How long before I see results?,"Paid ads can generate immediate results, while strategies like SEO may take 3–6 months. We’ll set realistic expectations during your consultation.",Do you work with small businesses?,Yes! We specialize in cost-effective strategies for small businesses and startups in Mississauga.,What sets Brand Beat apart?,"Our personalized approach, data-driven insights, and collaborative process ensure we deliver measurable results that align with your goals.",What’s included in your free strategy session?,"<ul id=""""><li>A review of your current digital presence</li><li>A discussion of your business goals</li><li>Tailored recommendations to achieve success</li></ul>",How do I get started?,"<p id="""">Click <a href=""https://calendly.com/brandbeat/marketingaudit?background_color=fcfaf7&primary_color=ed4b00&month=2025-02""><strong id="""">Book Your Free Strategy Call</strong></a> and complete the form. Our team will be in touch shortly.</p>",Do you offer website redesigns?,"Absolutely! Whether you need a refresh or a new site, we’ll design a website that converts visitors into loyal customers.",What is your pricing structure?,Our pricing is flexible and tailored to your needs. Contact us for a custom quote.,Do you provide ongoing support?,"Yes, we’ll monitor, optimize, and update your campaigns to ensure long-term success.",Losing Customers to Outdated Strategies?,"In today’s fast-paced digital world, sticking to outdated tactics is costing you leads and revenue. While your competitors adopt innovative strategies, your business risks falling behind. At Brand Beat, we combine cutting-edge tools with proven methods to help your business thrive. Stay ahead of the curve with our expert guidance.",Claim Your Free Consultation Now,Ready to Elevate Your Brand?,"Partner with Mississauga’s Trusted Digital Marketing Agency – Brand Beat
Your next business breakthrough is just a click away. Don’t wait—let’s transform your digital presence today!",Get Your Free Quote Today
Toronto,toronto,679b6759394169a82d1fa65f,672c7bda348210ae7a5c0d94,679ce76abd6091670a6214df,Fri Jan 31 2025 15:08:26 GMT+0000 (Coordinated Universal Time),Fri Jan 31 2025 15:19:12 GMT+0000 (Coordinated Universal Time),Fri Jan 31 2025 15:19:26 GMT+0000 (Coordinated Universal Time),Best Digital Marketing Agency Toronto - Brand Beat,"Transform your brand with the best digital marketing agency Toronto. Brand Beat offers expert web design, SEO, social media, and more to help your business thrive!",Transform Your Brand with Toronto’s Trusted Digital Marketing Agency,Best Digital Marketing Agency Toronto - Brand Beat,"<p id="""">Unleashing Your Business Potential with Custom Strategies in Web Design, SEO, Social Media, and More.<br>Are you ready to dominate Toronto’s competitive digital landscape? Brand Beat is here to help you grow, scale, and thrive with tailored marketing solutions designed specifically for your business needs.<br><strong id="""">Don’t let your competitors leave you behind.</strong><br></p>",Get Your Free Strategy Session Today!,Elevate Your Business with,Our Full Suite of Services,Brand Beat offers a comprehensive range of services to ensure your brand’s success in every aspect of digital marketing.,"First, we elevate your branding to reflect the excellence of your offerings. You'll receive a cohesive brand identity complete with a polished logo and compelling visual assets that truly connect with your audience.","Transform your online presence with sleek, user-friendly designs that keep visitors coming back.",Rise to the top of Google search results and attract the customers that matter most.,Drive engagement and boost sales with campaigns that connect directly with your audience.,Achieve measurable results with strategic ad campaigns designed for maximum ROI.,Grow your online following and build a loyal community that loves your brand.,Let Our Work,Do the Talking,"Discover our portfolio of impactful rebrands and cutting-edge websites that fuel growth, boost engagement, and leave lasting impressions.",Trusted by,Toronto’s Most Ambitious Brands,"At Brand Beat, we’ve worked with some of the most innovative and ambitious businesses in Toronto. Here’s what they have to say:",What industries does Brand Beat specialize in?,"Brand Beat works with a wide range of industries, including e-commerce, healthcare, professional services, startups, and more. Our strategies are tailored to meet the unique needs of your business, regardless of your niche.",How do you measure the success of your digital marketing campaigns?,"We measure success using key performance indicators (KPIs) such as website traffic, lead generation, conversion rates, ROI, and overall growth in online visibility. Our team provides detailed reports so you can see the impact of our strategies.",How long does it take to see results?,"The timeline varies depending on the service. For example, paid advertising can deliver immediate results, while SEO may take 3–6 months to show significant improvements. Our team provides realistic timelines during your initial consultation.",Do you work with small businesses and startups?,Absolutely! We love working with small businesses and startups. Our goal is to help you grow from the ground up by creating cost-effective strategies that maximize your return on investment.,What makes Brand Beat different from other digital marketing agencies?,"Brand Beat stands out for our personalized approach. We take the time to understand your business goals, craft customized strategies, and use the latest tools and data-driven insights to achieve measurable results. Plus, our team prioritizes communication and collaboration every step of the way.",What is included in your free strategy session?,"<p>Our free strategy session includes a consultation to understand your business goals, an audit of your current digital presence, and actionable recommendations tailored to help you achieve your objectives.</p>",How do I get started with Brand Beat?,"<p>Getting started is easy! Simply click the <a href=""https://calendly.com/brandbeat/marketingaudit?background_color=fcfaf7&primary_color=ed4b00""><strong id="""">Book Your Free Strategy Call</strong></a> button, fill out the form, and our team will be in touch to schedule your consultation.</p>",What is your pricing structure?,Our pricing depends on the services you require and the scale of your campaign. We offer flexible packages designed to fit your budget. Reach out to us for a customized quote.,Can you help us with a website redesign?,"Yes! Whether you’re looking to refresh your website or start from scratch, our web design and development team can create a modern, user-friendly site that aligns with your brand and converts visitors into loyal customers.",Do you offer ongoing support after the campaign is live?,"Yes, we provide ongoing support to ensure your campaigns continue to perform optimally. Whether it’s monitoring your website, optimizing ads, or creating fresh content, we’re here to help.",Losing Revenue to Outdated Marketing Strategies?,"Your outdated strategies and poor design may be driving customers away, leaving your business stuck in the past.
Your competitors are using modern tools to outperform you. Every missed lead is revenue slipping through your fingers.
Brand Beat’s advanced strategies and data-driven approach ensure you stay ahead of the curve.",Claim Your Free Consultation Now,Ready to Transform Your Brand?,Partner with Toronto’s Best Digital Marketing Agency – Brand Beat. Don’t wait any longer to achieve the success you deserve.,Get a free quote
